Year,Day,Part
2015,1,1
2015,1,2
2015,2,1
2015,2,2
2015,3,1
2015,3,2
2015,4,1
2015,4,2
2015,5,1
2015,5,2
2015,6,1
2015,6,2
2015,7,1
2015,7,2
2015,8,1
2015,8,2
2015,9,1
2015,9,2
2015,10,1
2015,10,2
2015,11,1
2015,11,2
2015,12,1
2015,12,2
2015,13,1
2015,13,2
2015,14,1
2015,14,2
2015,15,1
2015,15,2
2015,16,1
2015,16,2
2015,17,1
2015,17,2
2015,18,1
2015,18,2
2015,19,1
2015,19,2
2015,20,1
2015,20,2
2015,21,1
2015,21,2
2015,22,1
2015,22,2
2015,23,1
2015,23,2
2015,24,1
2015,24,2
2015,25,1
2015,25,2
2016,1,1
2016,1,2
2016,2,1
2016,2,2
2016,3,1
2016,3,2
2016,4,1
2016,4,2
2016,5,1
2016,5,2
2016,6,1
2016,6,2
2016,7,1
2016,7,2
2016,8,1
2016,8,2
2016,9,1
2016,9,2
2016,10,1
2016,10,2
2016,11,1
2016,11,2
2016,12,1
2016,12,2
2016,13,1
2016,13,2
2016,14,1
2016,14,2
2016,15,1
2016,15,2
2016,16,1
2016,16,2
2016,17,1
2016,17,2
2016,18,1
2016,18,2
2016,19,1
2016,19,2
2016,20,1
2016,20,2
2016,21,1
2016,21,2
2016,22,1
2016,22,2
2016,23,1
2016,23,2
2016,24,1
2016,24,2
2016,25,1
2016,25,2
2017,1,1
2017,1,2
2017,2,1
2017,2,2
2017,3,1
2017,3,2
2017,4,1
2017,4,2
2017,5,1
2017,5,2
2017,6,1
2017,6,2
2017,7,1
2017,7,2
2017,8,1
2017,8,2
2017,9,1
2017,9,2
2017,10,1
2017,10,2
2017,11,1
2017,11,2
2017,12,1
2017,12,2
2017,13,1
2017,13,2
2017,14,1
2017,14,2
2017,15,1
2017,15,2
2017,16,1
2017,16,2
2017,17,1
2017,17,2
2017,18,1
2017,18,2
2017,19,1
2017,19,2
2017,20,1
2017,20,2
2017,21,1
2017,21,2
2017,22,1
2017,22,2
2017,23,1
2017,23,2
2017,24,1
2017,24,2
2017,25,1
2017,25,2
2018,1,1
2018,1,2
2018,2,1
2018,2,2
2018,3,1
2018,3,2
2018,4,1
2018,4,2
2018,5,1
2018,5,2
2018,6,1
2018,6,2
2018,7,1
2018,7,2
2018,8,1
2018,8,2
2018,9,1
2018,9,2
2018,10,1
2018,10,2
2018,11,1
2018,11,2
2018,12,1
2018,12,2
2018,13,1
2018,13,2
2018,14,1
2018,14,2
2018,15,1
2018,15,2
2018,16,1
2018,16,2
2018,17,1
2018,17,2
2018,18,1
2018,18,2
2018,19,1
2018,19,2
2018,20,1
2018,20,2
2018,21,1
2018,21,2
2018,22,1
2018,22,2
2018,23,1
2018,23,2
2018,24,1
2018,24,2
2018,25,1
2018,25,2
2019,1,1
2019,1,2
2019,2,1
2019,2,2
2019,3,1
2019,3,2
2019,4,1
2019,4,2
2019,5,1
2019,5,2
2019,6,1
2019,6,2
2019,7,1
2019,7,2
2019,8,1
2019,8,2
2019,9,1
2019,9,2
2019,10,1
2019,10,2
2019,11,1
2019,11,2
2019,12,1
2019,12,2
2019,13,1
2019,13,2
2019,14,1
2019,14,2
2019,15,1
2019,15,2
2019,16,1
2019,16,2
2019,17,1
2019,17,2
2019,18,1
2019,18,2
2019,19,1
2019,19,2
2019,20,1
2019,20,2
2019,21,1
2019,21,2
2019,22,1
2019,22,2
2019,23,1
2019,23,2
2019,24,1
2019,24,2
2019,25,1
2019,25,2
2020,1,1
2020,1,2
2020,2,1
2020,2,2
2020,3,1
2020,3,2
2020,4,1
2020,4,2
2020,5,1
2020,5,2
2020,6,1
2020,6,2
2020,7,1
2020,7,2
2020,8,1
2020,8,2
2020,9,1
2020,9,2
2020,10,1
2020,10,2
2020,11,1
2020,11,2
2020,12,1
2020,12,2
2020,13,1
2020,13,2
2020,14,1
2020,14,2
2020,15,1
2020,15,2
2020,16,1
2020,16,2
2020,17,1
2020,17,2
2020,18,1
2020,18,2
2020,19,1
2020,19,2
2020,20,1
2020,20,2
2020,21,1
2020,21,2
2020,22,1
2020,22,2
2020,23,1
2020,23,2
2020,24,1
2020,24,2
2020,25,1
2020,25,2
2021,1,1
2021,1,2
2021,2,1
2021,2,2
2021,3,1
2021,3,2
2021,4,1
2021,4,2
2021,5,1
2021,5,2
2021,6,1
2021,6,2
2021,7,1
2021,7,2
2021,8,1
2021,8,2
2021,9,1
2021,9,2
2021,10,1
2021,10,2
2021,11,1
2021,11,2
2021,12,1
2021,12,2
2021,13,1
2021,13,2
2021,14,1
2021,14,2
2021,15,1
2021,15,2
2021,16,1
2021,16,2
2021,17,1
2021,17,2
2021,18,1
2021,18,2
2021,19,1
2021,19,2
2021,20,1
2021,20,2
2021,21,1
2021,21,2
2021,22,1
2021,22,2
2021,23,1
2021,23,2
2021,24,1
2021,24,2
2021,25,1
2021,25,2
2022,1,1
2022,1,2
2022,2,1
2022,2,2
2022,3,1
2022,3,2
2022,4,1
2022,4,2
2022,5,1
2022,5,2
2022,6,1
2022,6,2
2022,7,1
2022,7,2
2022,8,1
2022,8,2
2022,9,1
2022,9,2
2022,10,1
2022,10,2
2022,11,1
2022,11,2
2022,12,1
2022,12,2
2022,13,1
2022,13,2
2022,14,1
2022,14,2
2022,15,1
2022,15,2
2022,16,1
2022,16,2
2022,17,1
2022,17,2
2022,18,1
2022,18,2
2022,19,1
2022,19,2
2022,20,1
2022,20,2
2022,21,1
2022,21,2
2022,22,1
2022,22,2
2022,23,1
2022,23,2
2022,24,1
2022,24,2
2022,25,1
2022,25,2
2023,1,1
2023,1,2
2023,2,1
2023,2,2
2023,3,1
2023,3,2
2023,4,1
2023,4,2
2023,5,1
2023,5,2
2023,6,1
2023,6,2
2023,7,1
2023,7,2
2023,8,1
2023,8,2
2023,9,1
2023,9,2
2023,10,1
2023,10,2
2023,11,1
2023,11,2
2023,12,1
2023,12,2
2023,13,1
2023,13,2
2023,14,1
2023,14,2
2023,15,1
2023,15,2
2023,16,1
2023,16,2
2023,17,1
2023,17,2
2023,18,1
2023,18,2
2023,19,1
2023,19,2
2023,20,1
2023,20,2
2023,21,1
2023,21,2
2023,22,1
2023,22,2
2023,23,1
2023,23,2
2023,24,1
2023,24,2
2023,25,1
2023,25,2
2024,1,1
2024,1,2
2024,2,1
2024,2,2
2024,3,1
2024,3,2
2024,4,1
2024,4,2
2024,5,1
2024,5,2
2024,6,1
2024,6,2
2024,7,1
2024,7,2
2024,8,1
2024,8,2
2024,9,1
2024,9,2
2024,10,1
2024,10,2
2024,11,1
2024,11,2
2024,12,1
2024,12,2
2024,13,1
2024,13,2
2024,14,1
2024,14,2
2024,15,1
2024,15,2
2024,16,1
2024,16,2
2024,17,1
2024,17,2
2024,18,1
2024,18,2
2024,19,1
2024,19,2
2024,20,1
2024,20,2
2024,21,1
2024,21,2
2024,22,1
2024,22,2
2024,23,1
2024,23,2
2024,24,1
2024,24,2
2024,25,1
2024,25,2
2025,1,1
2025,1,2
2025,2,1
2025,2,2
2025,3,1
2025,3,2
2025,4,1
2025,4,2
2025,5,1
2025,5,2
2025,6,1
2025,6,2
2025,7,1
2025,7,2
2025,8,1
2025,8,2
2025,9,1
2025,9,2
2025,10,1
2025,10,2
2025,11,1
2025,11,2
2025,12,1
2025,12,2
